Borough,incidents,avg_severity,inc_norm,sev_norm,RISK_INDEX
Brooklyn,76416,0.511973932160804,0.9999999999999847,0.9714516634281061,0.9885806653712332
Queens,63751,0.5047920816928362,0.8046971379225142,0.8514991496846744,0.8234179426273782
Bronx,41255,0.5136831899163737,0.45779360967184096,0.9999999832978264,0.6746761591222351
Manhattan,38234,0.45381074436365537,0.4112077473476374,0.0,0.2467246484085824
Staten Island,11568,0.47294260027662516,0.0,0.31954357996919286,0.12781743198767714
